task_id,image,query,type_annotator,notes
2,image/7584.jpg,Count the number of buildings directly attached to the cul de sac. Are these buildings flooded?,D+M2,
8,image/7605.jpg,Draw a box over a house that is close to water body other than flood and swimming pool.,D,
20,image/7294.jpg,How many cars are parked around the 3m radius of non-flooded house? (GSD : 0.015 m/px),M1+M2,
21,image/7323.jpg,Can you draw a single box around the largest non-flooded houses?,D,
24,image/7543.jpg,Calculate the area of the largest flooded house and share the area in square meters. (GSD = 0.015 m/px),M1,
25,image/7423.jpg,Can you tell the colors of the cars parked between the non-flooded houses?,D,
29,image/6717.jpg,"Plot the number of flooded houses, the number of non-flooded houses, and the number of cars in the image.",M2,
33,image/7370.jpg,Is red car and black cars are parked together? GSD is 0.015m/px.,D,
34,image/7359.jpg,"Inside the area of all flooded houses, how many cars are parked?",M2,
45,image/7339.jpg,"Considering the dimension of 4592x3072, which quadrant has more cars?",M2,
46,image/7301.jpg,The non-flooded house is in the southwest corner of the image?,D,
48,image/7300.jpg,Plot the areas of each of the swimming pools. GSD = 0.015 m/px,M1,
55,image/midwest-flooding_00000017_post_disaster.png,Is there any house with swimming pool are majorly-damaged?,D,
67,image/santa-rosa-wildfire_00000206_post_disaster.png,What is the average area of all the no-damage buildings in the image? GSD 1.88m/px.,M1,
68,image/santa-rosa-wildfire_00000212_post_disaster.png,How many buildings are destroyed between the area of no-damage buildings?,M2,
71,image/guatemala-volcano_00000003_post_disaster.png,"Detect all buildings that look minor damage, and is there any path or road between them.",D,
77,image/hurricane-florence_00000119_post_disaster.png,"How much area is majorly damaged, while counting the buildings in the image, GSD 2.1m/px",M1+M2,
83,image/hurricane-harvey_00000127_post_disaster.png,Locate largest building damaged due to hurricane-harvey. Is there playground present in flood water around the building?,D,
85,image/hurricane-harvey_00000185_post_disaster.png,"Identify two damaged buildings with white rooftop, and estimate distance between them. Using GSD 3.02px/m.",M1,
87,image/hurricane-harvey_00000504_post_disaster.png,Identify the buildings that were not damaged by Hurricane Harvey. Is it true that at least one of these buildings has no cars parked outside?,D,
88,image/hurricane-michael_00000019_post_disaster.png,Detect building with red rooftop near waterbody. Is this building damaged?,D,
89,image/hurricane-michael_00000256_post_disaster.png,"Detect the damaged building in the image, located near road and draw box over it?",D,
92,image/P0036.png,What is the color of the smallest car in the image?,D,
96,image/P0050.png,"Can you write on image, the distance between each car in meter using gsd: 1.0686",D+M1,
100,image/P0070.png,How many cars are moving in a southeast direction?,M2,
108,image/P0137.png,Can you draw bounding boxes around the two cars that are farthest apart from each other?,D,
109,image/P0137.png,"Based on the cars' directions, can you plot a bar chart showing the number of cars heading in each direction?",M2,
121,image/P0214.png,How many cars are there and are all of them traveling in the southwest direction?,D+M2,
123,image/P0219.png,"What is the area of the swimming pool in the image, based on ground sample distance of 1.6958243?",M1,
125,image/P0239.png,Can you describe what's happening in this image and count the number of cars?,D+M2,
127,image/P0269.png,"Can the red car safely switch lanes given a clear 200-meter radius? If not, please share how many vehicles are nearby. (gsd 0.94756464)?",M1+M2,
129,image/P0298.png,"Based on the orientation of the vehicles, how many distinct roads are there?",M2,
131,image/P0327.png,How many cars are currently on the road in this image?,M2,
143,image/34684766_36662066.jpg,"Identify destroyed buildings in the image and compute average area in square meters, assuming a ground sampling distance (GSD) of 0.5 meters/pixel. Finally, annotate the image with this average area value.",D+M1,
148,image/34731603_36662703.jpg,Identify the destroyed building and estimate the ratio of partially destroyed and fully destroyed,M2,
153,image/1.png,"Detect the houses around the cul-de-sac, draw the box on each of the house.",D,
154,image/1.png,Count the total distance between two zebra crossing using GSD 0.7 m/px.,M1,
159,image/1253.png,Is there any red car on the bridge and is it maintaining a safe distance from the car in front of it? Cars moving at 70mph need to be at least 63 metres (threshold) behind the vehicle in front to achieve a safe 2 second overall stopping distance. Assume the GSD is 0.8m/px.,D+M1,
170,image/33.png,"Detect the houses with red rooftop. Using GSD 1.2m/px, calculate the area.",M1,
174,image/59.png,Are the two cars approaching zebra crossing maintaining the safe distance? Assume GSD is 0.5 px/m and threshold for 70mph is 63 meters.,M1,
189,image/001.jpg,"Detect white plane, and estimate the orientation (nose-to-tail heading in degrees relative to the north).",D,
196,image/009.jpg,Detect the smallest plane on the runway and draw a box on it.,D,
198,image/017.jpg,"Detect all planes and storage tanks, and plot the distribution?",M2,
200,image/092.jpg,"Detect the smallest baseball diamond, and draw box on it.",D,
204,image/132.jpg,Is the match going on in the soccer filed?,D,
205,image/133.jpg,Estimate the combined surface area of the basketball courts in square meter assuming 1.1m GSD.,M1,
209,image/140.jpg,"Detect tennis court and basketball court, Plot the distribution.",M2,
210,image/145.jpg,Is any of the basketball court occupied?,D,
215,image/P0021.png,"Detect soccer ball fields and baseball diamonds, count each type, and plot a bar chart showing the number of each field.",M2,
216,image/P0021.png,"Detect all small vehicles and compute the ratio of their total area (using all bounding boxes, in square meter) to the area of the main parking lot (bbox: 1021, 26, 1764, 1501, gsd=0.12117843786m/pixel).",M1,
220,image/P00491.png,"Which category has the more count, soccerball-field or baseball diamond?",M2,
222,image/P0068.png,How many black cars (black small-vehicles) are located within a 10m radius of the roundabout?,M1+M2,
223,image/P0068.png,How many zebra crossings in the image and on which side of the roundabout are they located?,D+M2,
229,image/301.jpg,"By stating the type of the ship, please tell if they're identical in type?",D,
238,image/389.jpg,Count the number of cars visible on the lower road and compute the real-world distance in meters between the first (leftmost) and last (rightmost) car using GSD=0.5 m/px. Provide their bounding boxes.,D+M1+M2,
243,image/413.jpg,Detect red cars in the parking and also count the parking space including the occupied ones.,M2,
244,image/458.jpg,Locate and transcribe all text markings painted on the field's turf. Also explain the significance of the markings.,D,
270,image/P0259.png,How many airplanes are present on the large aircraft carrier visible in the harbor?,M2,
274,image/P0518.png,"Determine the length of the longest pier in meters rounded to a whole number, assuming all piers are aligned parallel to the x-axis. Use a ground sampling distance (GSD) of 0.1347 meters per pixel.",M1,
284,image/P1492.png,"Determine the wingspan of the large airplane located at the top of the image, in meters, rounded to the nearest integer. Use a ground sampling distance (GSD) of 0.1405 meters per pixel.",M1,
287,image/P0660.png,"Given a ground sampling distance (GSD) of 0.1257 meters/pixel, determine the center-to-center distance (in meters, rounded to the nearest whole number) between the playground with blue slides and the nearest swimming pool.",M1,
292,image/ground5.jpg,What is the red rectangular area at the end of the field and what is it used for?,D,
295,image/residencial1.jpg,Describe shape of swimming pools in this image?,D,
297,image/residencial4.jpg,Identify the type and color of all visible cars in the image.,D,
312,image/40015.jpg,"Determine if the construction waste is close enough to soccer field to pose a contamination risk, assuming less than 50m is at high risk, with 0.5m gsd",M1,
314,image/40025.jpg,Detect the construction waste and draw a bounding box over it.,D,
318,image/40115.jpg,"Detect construction waste and domestic garbage, and estimate their area ratio using 0.5m GSD.",M1,
322,image/NI5788.jpg,Draw a bounding box over the domestic garbage in the image.,D,
326,image/40040.jpg,Locate the domestic garbage in the image and draw a labeled bounding box over it.,D,
329,image/40106.jpg,"Calculate the centroid-based distance between the construction waste region and the main road reference point (442, 352), assuming a ground sampling distance (GSD) of 0.5 meters per pixel.",M1,
330,image/40115.jpg,Detect construction waste and garbage waste and determine each of the waste average areas using 0.5m GSD.,M1,
334,image/NI4401.jpg,"Detect the domestic garbage, all construction waste regions, and agriculture forestry, and compute the area in square meters for each using a ground sampling distance (GSD) of 0.5 m/px.",M1,
346,image/hurricane-harvey_00000326_post_disaster.png,"Which quadrant of the monitored area contains the highest number of damaged structures after the event, and how many damaged structures does it hold? Given imagesize= 1024x1024",M2,
347,image/hurricane-harvey_00000326_pre_disaster.png,"What is the combined area, in square meters, of all buildings showing major damage in the post-disaster image? Given GSD=3.024613",M1,
348,image/hurricane-harvey_00000326_pre_disaster.png,"If one inspection team can survey five damaged buildings per day, how many teams are required to inspect every building flagged as damaged in the post-event image?",M2,
351,image/santa-rosa-wildfire_00000181_pre_disaster.png,Provide the bounding boxes of all fully destroyed buildings and compute their combined footprint area in square meters. Given GSD=1.8769937,D+M1,
352,image/santa-rosa-wildfire_00000181_pre_disaster.png,"Count the no-damage and destroyed buildings? and if each rescue unit can inspect ten damaged buildings, how many units are needed to cover all destroyed structures?",M2,
354,image/palu-tsunami_00000032_pre_disaster.png,Count number of destroyed buildings in the post disaster image.,M2,
357,image/santa-rosa-wildfire_00000206_pre_disaster.png,"Determine how many buildings remain intact in the post-event image, compare that to the total number of buildings detected in the pre-event image, and express the result as a simplified fraction.",M2,
359,image/hurricane-harvey_00000504_pre_disaster.png,"How many buildings are classified as destroyed in the post-event image, and what is the ratio of destroyed buildings to the total number of buildings?",M2,
366,image/guatemala-volcano_00000003_pre_disaster.png,"By summing their ground area, which group covers more area: completely destroyed buildings region or those of minor-damage building region? Given GSD=1.4085245",M1,
370,image/santa-rosa-wildfire_00000273_pre_disaster.png,"In post image, how many buildings were destroyed by the wildfire compared to the pre image? If each destroyed building requires 50 labor-hours for inspection, estimate the total labor-hours needed for post-disaster building inspections.",M2,
388,image/hurricane-florence_00000268_pre_disaster.png,What is the ratio of buildings with minor damage to those with major damage in the post-event image?,M2,
394,image/santa-rosa-wildfire_00000113_pre_disaster.png,What is the average ground-area in square meters lost for each structure that was classified as completely destroyed? Given GSD=1.8769937,M1,
396,image/santa-rosa-wildfire_00000113_pre_disaster.png,"When the scene is divided into four equal quadrants, which quadrant experienced the highest count of destroyed buildings and what is that count? Given: Imagesize=1024x1024",M2,
400,image/P0075.png,"First, segment the road roundabout to get its pixel count. Then convert that pixel count into an area in square meters using a ground sampling distance of 0.139152881468 m/pixel. From the obtained area, calculate radius of a circle.",M1,
402,image/P0075.png,"Segment the road roundabout and obtain its total pixel count. Using a GSD of 0.139152881468 m/pixel, calculate its radius in meters. Then determine how many pixels would cover the same circular area if the GSD were halved.",M1,
434,image/P1099.png,"Segment all vehicles, convert its total pixel area to m-sq (GSD = 0.1393 m/px)",M1,